id,latitude,longitude,power_kw,connector_type
1,55.71236203565421,37.721015823077146,50,CHAdeMO
2,55.88521429192297,37.44206998249752,150,CCS
3,55.81959818254342,37.48081435704731,50,GBT
4,55.77959754525911,37.84927709426354,50,CHAdeMO
5,55.64680559213273,37.70321452982979,150,CCS
6,55.64679835610086,37.40459852580831,50,CHAdeMO
7,55.61742508365046,37.45073577143302,150,CCS
8,55.85985284373248,37.731750884554025,50,CCS
9,55.780334503522965,37.402530791923105,350,CCS
10,55.81242177333881,37.48040402570875,350,GBT
11,55.606175348288744,37.67436689468329,50,GBT
12,55.8909729556486,37.74594759884634,50,CHAdeMO
13,55.849732792240125,37.7259806297513,50,CCS
14,55.66370173320348,37.512134654730275,350,CCS
15,55.65454749016213,37.75608961067377,50,GBT
16,55.655021352956034,37.5186245437484,350,CCS
17,55.69127267288786,37.562699849079635,150,GBT
18,55.75742692948967,37.77324570255901,350,CCS
19,55.729583505592636,37.72481644952361,350,CHAdeMO
20,55.68736874205941,37.82461170524709,150,CCS
21,55.78355586841671,37.72880644615017,350,CCS
22,55.641848158195614,37.68415430166773,50,GBT
23,55.68764339456057,37.446837383914044,50,CCS
24,55.70990855298811,37.58385790152972,350,CCS
25,55.73682099526511,37.53260118384086,50,GBT
26,55.8355527884179,37.52199482168954,350,CHAdeMO
27,55.65990213464751,37.88650527737622,50,CHAdeMO
28,55.75427033152408,37.59654886233338,50,GBT
29,55.77772437065861,37.84602327758856,350,GBT
30,55.613935123816,37.71556931299863,50,GBT
31,55.78226345557043,37.79740565177082,350,GBT
32,55.65115723710619,37.651318546552595,50,GBT
33,55.61951547789558,37.68845194231318,50,CHAdeMO
34,55.884665661176,37.64625884690943,150,CHAdeMO
35,55.889689609922364,37.49762149389902,150,GBT
36,55.842519204434936,37.76122605763075,350,CCS
37,55.69138413075201,37.54038618122043,150,GBT
38,55.629301634201916,37.41215798321573,350,CCS
39,55.805269907953644,37.72273614795358,150,GBT
40,55.732045748121884,37.488555339703524,50,GBT
41,55.63661147045344,37.870229292176454,350,CHAdeMO
42,55.74855307303338,37.87696428850129,350,CCS
43,55.61031655633457,37.85743219511022,50,CCS
44,55.87279612062363,37.58507935012772,350,CHAdeMO
45,55.677633994480004,37.40772830826443,350,CHAdeMO
46,55.798756685306195,37.86415928129386,150,CHAdeMO
47,55.693513322826824,37.614092074158656,350,CHAdeMO
48,55.75602040635334,37.88332740952183,50,CCS
49,55.764013083802986,37.881809988544624,150,CCS
50,55.65545633665766,37.82650472773368,150,GBT
51,55.89087538832936,37.54722444603479,50,GBT
52,55.832539847008334,37.59254886430096,50,CHAdeMO
53,55.88184968246926,37.825568335758426,150,CHAdeMO
54,55.868448205128296,37.558461002578134,350,CHAdeMO
55,55.77936999364333,37.48474637334304,150,GBT
56,55.87656227050693,37.678400631229174,50,GBT
57,55.62654775061558,37.86807738708039,150,GBT
58,55.65879485872574,37.74801489833749,50,GBT
59,55.61356818667316,37.68503058504468,150,GBT
60,55.69759909922898,37.448588246885386,350,GBT
61,55.716603186906845,37.70750361334958,150,GBT
62,55.68140470953217,37.89502692505213,150,CHAdeMO
63,55.84862125274558,37.47004200761826,50,CHAdeMO
64,55.70702599800808,37.659164826181865,50,CHAdeMO
65,55.684280352906214,37.83868653596397,50,CHAdeMO
66,55.76280882494748,37.7703843088771,150,GBT
67,55.64227726749243,37.74850787049763,350,CCS
68,55.84065909422621,37.75124204199356,50,GBT
69,55.62236519310393,37.57974557560988,50,CCS
70,55.896066080980155,37.54679592213225,150,CHAdeMO
71,55.831673430788996,37.804680577739255,50,GBT
72,55.65961470446025,37.80505669733959,350,CHAdeMO
73,55.60165663513708,37.83353615929005,350,GBT
74,55.84463842853645,37.856620276278235,50,CHAdeMO
75,55.81205720315428,37.655671199430465,50,CCS
76,55.81870215041229,37.650758147343595,150,CCS
77,55.831381104005786,37.79914758948338,350,CCS
78,55.62221339552023,37.72498196538888,350,GBT
79,55.70753971856328,37.75098343862885,50,CCS
80,55.63476071785754,37.79789633471805,150,GBT
81,55.85893102776268,37.845002670908784,350,CCS
82,55.786989438048266,37.568997578425765,350,CCS
83,55.699269407455795,37.58779147631997,150,GBT
84,55.61906750508581,37.446990969920435,150,GBT
85,55.6932946965147,37.689140070498084,350,CCS
86,55.69755499660803,37.41797113689837,350,GBT
87,55.818881853501416,37.632799009066225,150,CCS
88,55.791267241406565,37.671322317353784,350,GBT
89,55.8661638227729,37.54327062606414,50,CHAdeMO
90,55.74166447754858,37.695416630284505,50,CHAdeMO
91,55.63587827378149,37.415250124969525,150,CHAdeMO
92,55.8139734361669,37.41867409437461,150,CHAdeMO
93,55.82823551458507,37.811300280329824,150,CHAdeMO
94,55.76838315927085,37.58009532070563,50,CCS
95,55.831290153986366,37.46353025632594,350,CHAdeMO
96,55.74813867890932,37.6611216300274,50,CHAdeMO
97,55.7568198488146,37.784996776549306,350,CHAdeMO
98,55.72826230550756,37.50791051374842,50,CHAdeMO
99,55.60762573802323,37.7114452379095,350,GBT
100,55.63236742809799,37.442673732496885,50,CCS
101,55.60942875570602,37.4258408605843,150,CHAdeMO
102,55.79092312337913,37.66567731578407,50,CHAdeMO
103,55.6943067943229,37.67031756080505,350,CHAdeMO
104,55.75257120734941,37.7187149507491,50,CCS
105,55.87226994217783,37.76304566686133,50,GBT
106,55.67478766874466,37.88792603973127,50,CCS
107,55.72311487691069,37.6581501741506,150,GBT
108,55.826665341562915,37.56147823647062,50,CHAdeMO
109,55.668639449647486,37.79759309738435,150,CHAdeMO
110,55.62309397294864,37.53541612563104,150,CCS
111,55.68692543587413,37.61948571035282,50,CCS
112,55.6483663861762,37.43922819067113,50,GBT
113,55.87890929570277,37.41267537170773,50,GBT
114,55.842436113869326,37.88132420733896,350,CCS
115,55.79002112695313,37.8179900602561,50,GBT
116,55.861438177056314,37.747987103046846,150,CCS
117,55.84110162306973,37.60447647220713,50,GBT
118,55.65597101766581,37.486647160035425,350,CCS
119,55.867767699546995,37.47821852133554,50,CCS
120,55.761802672574696,37.5251214490823,350,CCS
121,55.84223204654922,37.67461333235306,350,GBT
122,55.86882738997705,37.75729796135003,50,GBT
123,55.69540104249156,37.730098688358865,150,GBT
124,55.63301557735831,37.53996694847297,350,CCS
125,55.668380548762585,37.8774326403316,50,GBT
126,55.728132336587876,37.768948458347886,50,GBT
127,55.84540442977675,37.6771770262557,150,CCS
128,55.8582191749769,37.705860373117176,350,CHAdeMO
129,55.602085639159355,37.609800031213894,350,CCS
130,55.75322419077327,37.52386549475058,50,GBT
131,55.725223300944634,37.577986339325626,50,CCS
132,55.66663234314122,37.778923055232184,150,CHAdeMO
133,55.6359596102001,37.407196744314874,150,CCS
134,55.70128455142109,37.458036320253456,350,GBT
135,55.882872911173756,37.42300132101087,350,CHAdeMO
136,55.69696087960623,37.42036440115948,50,GBT
137,55.75563718652301,37.827730292005505,350,CHAdeMO
138,55.81090568766855,37.751828929690014,150,CHAdeMO
139,55.709088880713786,37.63708691454366,150,CCS
140,55.89153462481629,37.4489170803255,50,CCS
141,55.88873418848263,37.645807937558416,150,GBT
142,55.67553468874761,37.63673588539028,150,CCS
143,55.749174551767716,37.48660093495501,150,CCS
144,55.69026349294503,37.61692582461899,150,CHAdeMO
145,55.68545214831324,37.59925236719869,50,CCS
146,55.611066084206364,37.70792504902611,50,CHAdeMO
147,55.782869300193966,37.71754682543382,350,CHAdeMO
148,55.75080370696866,37.42265200488602,150,CHAdeMO
149,55.615443625375,37.587306307313234,350,GBT
150,55.683593939270985,37.71292995785711,50,GBT
151,55.87247976579,37.65156812929004,50,GBT
152,55.67186856720009,37.82824492059416,50,CHAdeMO
153,55.64346846162737,37.72934681580947,50,GBT
154,55.74683582808327,37.48146721354071,50,GBT
155,55.89569513623318,37.43528437370021,50,CCS
156,55.672616581453454,37.72120963910316,50,GBT
157,55.801640664221765,37.41325565527081,150,GBT
158,55.828485884598614,37.69288779063673,350,CHAdeMO
159,55.67129126319772,37.87011512071248,50,CHAdeMO
160,55.81846490458356,37.687737088937936,150,CHAdeMO
161,55.71033493981577,37.594084963103256,150,CHAdeMO
162,55.789691749178075,37.721644109221174,350,CHAdeMO
163,55.790058913228265,37.62912644524576,50,CHAdeMO
164,55.76073240522243,37.67280839465796,350,GBT
165,55.62708693101632,37.870732404388264,50,CHAdeMO
166,55.85059074867677,37.593051318900386,150,CHAdeMO
167,55.69623401949152,37.88059528191196,150,CCS
168,55.65595555311996,37.85267532097803,150,GBT
169,55.61223254246643,37.49789556739465,150,GBT
170,55.77726788295647,37.434680650437585,350,GBT
171,55.803269308552686,37.45038900068871,50,CHAdeMO
172,55.604976348678356,37.409110912825774,50,CHAdeMO
173,55.75362791748979,37.44722148037796,350,CHAdeMO
174,55.66794873255938,37.741503386708175,50,CCS
175,55.793551837122834,37.43559432423012,150,CHAdeMO
176,55.6523099287015,37.55948781514688,50,CCS
177,55.807281321430736,37.82243765548473,150,GBT
178,55.716020603890165,37.41163596786791,350,CHAdeMO
179,55.881018996621016,37.807234241294466,50,CCS
180,55.6412562832438,37.540927387386695,350,CCS
181,55.70231990531508,37.459082413810826,50,CHAdeMO
182,55.63404205637218,37.748368582682076,150,GBT
183,55.877408085483566,37.71447142338994,350,GBT
184,55.863201806014295,37.838736006763526,50,GBT
185,55.67738248831455,37.76753552190194,150,CCS
186,55.79799521381025,37.801740465192424,350,CCS
187,55.845166660060364,37.54101728628565,350,CCS
188,55.76656024347984,37.48871977188986,50,CCS
189,55.7588951735068,37.775307375820425,50,GBT
190,55.67255568727013,37.80341736963363,50,CHAdeMO
191,55.62793083034177,37.895252571000334,150,CCS
192,55.869164727386,37.60630883845571,50,CCS
193,55.870125417149,37.58600904289639,350,GBT
194,55.78993043718198,37.788206480370995,350,CHAdeMO
195,55.70170893731461,37.57040177012651,50,CHAdeMO
196,55.704762872383796,37.86537866280178,50,GBT
197,55.81778670366107,37.8292063759215,350,GBT
198,55.86913307798577,37.614497013687505,150,CHAdeMO
199,55.86612592727953,37.775435533895745,50,CCS
200,55.83396266375728,37.77727143704234,50,CHAdeMO
